OBJECTID,NAME,CAPITAL,name_cn,地区国家,累计确诊,新增确诊,Shape_Length,Shape_Area
1,CHINA,BEIJING,中国,中国,1287,444,248.8216693624411,958.1973887475898
2,JAPAN,TOKYO,日本,日本,1,0,81.93419085400431,38.97019479375141
3,"KOREA, REPUBLIC OF",SEOUL,韩国,韩国,2,1,16.01194866250559,8.870230280248608
4,THAILAND,BANGKOK,泰国,泰国,4,0,54.581789578607015,42.558096872050044
5,UNITED STATES,WASHINGTON,美国,美国,1,0,480.499004202442,1109.0039059704707
6,VIETNAM,HA NOI,越南,越南,2,2,49.97056195189593,27.025888705025615
7,Singapore,,新加坡,新加坡,1,1,1.2689056078172032,0.10466184494510426
